{
    "MNT/USDT": 0.8426147982062782,
    "EIGEN/USDT": 1.139490641178813,
    "ETH/USDT": 2014.0598359035191,
    "ENA/USDT": 0.42199513148543
}